<TICKER>,<PER>,<DATE>,<TIME>,<CLOSE>
GDAX.BTC-USD,D,20180217,000000,11121.5000000
GDAX.BTC-USD,D,20180218,000000,10380.0400000
GDAX.BTC-USD,D,20180219,000000,11140.0000000
GDAX.BTC-USD,D,20180220,000000,11235.5700000
GDAX.BTC-USD,D,20180221,000000,10454.2700000
GDAX.BTC-USD,D,20180222,000000,9830.0000000
GDAX.BTC-USD,D,20180223,000000,10144.9900000
GDAX.BTC-USD,D,20180224,000000,9688.6200000
GDAX.BTC-USD,D,20180225,000000,9595.4200000
GDAX.BTC-USD,D,20180226,000000,10300.0000000
GDAX.BTC-USD,D,20180227,000000,10566.5700000
GDAX.BTC-USD,D,20180228,000000,10307.2700000
GDAX.BTC-USD,D,20180301,000000,10895.9200000
GDAX.BTC-USD,D,20180302,000000,11000.0000000
GDAX.BTC-USD,D,20180303,000000,11432.5000000
GDAX.BTC-USD,D,20180304,000000,11469.9000000
GDAX.BTC-USD,D,20180305,000000,11377.5400000
GDAX.BTC-USD,D,20180306,000000,10700.0000000
GDAX.BTC-USD,D,20180307,000000,9925.0000000
GDAX.BTC-USD,D,20180308,000000,9304.8900000
GDAX.BTC-USD,D,20180309,000000,9255.0000000
GDAX.BTC-USD,D,20180310,000000,8795.4400000
GDAX.BTC-USD,D,20180311,000000,9533.8800000
GDAX.BTC-USD,D,20180312,000000,9120.0000000
GDAX.BTC-USD,D,20180313,000000,9145.4100000
GDAX.BTC-USD,D,20180314,000000,8207.0200000
GDAX.BTC-USD,D,20180315,000000,8259.9900000
GDAX.BTC-USD,D,20180316,000000,8275.0000000
GDAX.BTC-USD,D,20180317,000000,7857.6000000
GDAX.BTC-USD,D,20180318,000000,8192.0000000
GDAX.BTC-USD,D,20180319,000000,8589.0000000
GDAX.BTC-USD,D,20180320,000000,8900.0000000
GDAX.BTC-USD,D,20180321,000000,8891.8100000
GDAX.BTC-USD,D,20180322,000000,8715.0900000
GDAX.BTC-USD,D,20180323,000000,8927.1000000
GDAX.BTC-USD,D,20180324,000000,8531.3400000
GDAX.BTC-USD,D,20180325,000000,8453.0000000
GDAX.BTC-USD,D,20180326,000000,8145.0000000
GDAX.BTC-USD,D,20180327,000000,7793.6100000
GDAX.BTC-USD,D,20180328,000000,7942.7200000
GDAX.BTC-USD,D,20180329,000000,7080.0000000
GDAX.BTC-USD,D,20180330,000000,6848.0100000
GDAX.BTC-USD,D,20180331,000000,6928.5000000
GDAX.BTC-USD,D,20180401,000000,6816.0100000
GDAX.BTC-USD,D,20180402,000000,7045.0100000
GDAX.BTC-USD,D,20180403,000000,7424.9000000
GDAX.BTC-USD,D,20180404,000000,6791.6800000
GDAX.BTC-USD,D,20180405,000000,6785.8500000
GDAX.BTC-USD,D,20180406,000000,6619.0100000
GDAX.BTC-USD,D,20180407,000000,6894.0100000
GDAX.BTC-USD,D,20180408,000000,7020.0100000
GDAX.BTC-USD,D,20180409,000000,6771.1300000
GDAX.BTC-USD,D,20180410,000000,6824.9900000
GDAX.BTC-USD,D,20180411,000000,6942.9900000
GDAX.BTC-USD,D,20180412,000000,7916.0000000
GDAX.BTC-USD,D,20180413,000000,7893.1900000
GDAX.BTC-USD,D,20180414,000000,8003.1100000
GDAX.BTC-USD,D,20180415,000000,8355.2500000
GDAX.BTC-USD,D,20180416,000000,8048.9300000
GDAX.BTC-USD,D,20180417,000000,7892.1000000
GDAX.BTC-USD,D,20180418,000000,8152.0500000
GDAX.BTC-USD,D,20180419,000000,8274.0000000
GDAX.BTC-USD,D,20180420,000000,8866.2700000
GDAX.BTC-USD,D,20180421,000000,8915.4200000
GDAX.BTC-USD,D,20180422,000000,8795.0100000
GDAX.BTC-USD,D,20180423,000000,8931.3000000
GDAX.BTC-USD,D,20180424,000000,9645.1000000
GDAX.BTC-USD,D,20180425,000000,8865.9800000
GDAX.BTC-USD,D,20180426,000000,9272.1100000
GDAX.BTC-USD,D,20180427,000000,8922.5500000
GDAX.BTC-USD,D,20180428,000000,9329.9900000
GDAX.BTC-USD,D,20180429,000000,9389.0100000
GDAX.BTC-USD,D,20180430,000000,9243.8300000
GDAX.BTC-USD,D,20180501,000000,9072.2900000
GDAX.BTC-USD,D,20180502,000000,9190.4800000
GDAX.BTC-USD,D,20180503,000000,9725.7400000
GDAX.BTC-USD,D,20180504,000000,9685.0000000
GDAX.BTC-USD,D,20180505,000000,9800.0000000
GDAX.BTC-USD,D,20180506,000000,9600.0000000
GDAX.BTC-USD,D,20180507,000000,9353.0000000
GDAX.BTC-USD,D,20180508,000000,9177.8200000
GDAX.BTC-USD,D,20180509,000000,9300.0800000
GDAX.BTC-USD,D,20180510,000000,9010.5100000
GDAX.BTC-USD,D,20180511,000000,8403.3300000
GDAX.BTC-USD,D,20180512,000000,8475.0000000
GDAX.BTC-USD,D,20180513,000000,8686.1000000
GDAX.BTC-USD,D,20180514,000000,8670.0000000
GDAX.BTC-USD,D,20180515,000000,8477.4600000
GDAX.BTC-USD,D,20180516,000000,8344.0000000
GDAX.BTC-USD,D,20180517,000000,8059.0000000
GDAX.BTC-USD,D,20180518,000000,8238.5100000
GDAX.BTC-USD,D,20180519,000000,8235.6000000
GDAX.BTC-USD,D,20180520,000000,8516.8600000
GDAX.BTC-USD,D,20180521,000000,8393.4400000
GDAX.BTC-USD,D,20180522,000000,7987.7000000
GDAX.BTC-USD,D,20180523,000000,7505.0000000
GDAX.BTC-USD,D,20180524,000000,7584.1500000
GDAX.BTC-USD,D,20180525,000000,7459.1100000
GDAX.BTC-USD,D,20180526,000000,7337.9500000
GDAX.BTC-USD,D,20180527,000000,7346.6400000
GDAX.BTC-USD,D,20180528,000000,7107.9400000
GDAX.BTC-USD,D,20180529,000000,7460.0000000
GDAX.BTC-USD,D,20180530,000000,7380.0100000
GDAX.BTC-USD,D,20180531,000000,7485.0000000
GDAX.BTC-USD,D,20180601,000000,7514.3200000
GDAX.BTC-USD,D,20180602,000000,7636.4200000
GDAX.BTC-USD,D,20180603,000000,7706.3700000
GDAX.BTC-USD,D,20180604,000000,7487.3700000
GDAX.BTC-USD,D,20180605,000000,7612.5100000
GDAX.BTC-USD,D,20180606,000000,7655.0000000
GDAX.BTC-USD,D,20180607,000000,7684.9300000
GDAX.BTC-USD,D,20180608,000000,7618.8000000
GDAX.BTC-USD,D,20180609,000000,7496.4000000
GDAX.BTC-USD,D,20180610,000000,6770.3100000
GDAX.BTC-USD,D,20180611,000000,6881.0000000
GDAX.BTC-USD,D,20180612,000000,6545.0000000
GDAX.BTC-USD,D,20180613,000000,6302.3100000
GDAX.BTC-USD,D,20180614,000000,6638.4900000
GDAX.BTC-USD,D,20180615,000000,6391.2200000
GDAX.BTC-USD,D,20180616,000000,6484.2900000
GDAX.BTC-USD,D,20180617,000000,6447.1600000
GDAX.BTC-USD,D,20180618,000000,6709.0200000
GDAX.BTC-USD,D,20180619,000000,6736.4100000
GDAX.BTC-USD,D,20180620,000000,6759.1800000
GDAX.BTC-USD,D,20180621,000000,6719.0100000
GDAX.BTC-USD,D,20180622,000000,6059.8200000
GDAX.BTC-USD,D,20180623,000000,6178.2900000
GDAX.BTC-USD,D,20180624,000000,6149.9900000
GDAX.BTC-USD,D,20180625,000000,6246.0100000
GDAX.BTC-USD,D,20180626,000000,6074.0000000
GDAX.BTC-USD,D,20180627,000000,6132.1700000
GDAX.BTC-USD,D,20180628,000000,5851.6600000
GDAX.BTC-USD,D,20180629,000000,6202.3600000
GDAX.BTC-USD,D,20180630,000000,6383.1900000
GDAX.BTC-USD,D,20180701,000000,6349.5000000
GDAX.BTC-USD,D,20180702,000000,6611.7900000
GDAX.BTC-USD,D,20180703,000000,6502.6200000
GDAX.BTC-USD,D,20180704,000000,6587.4700000
GDAX.BTC-USD,D,20180705,000000,6532.9500000
GDAX.BTC-USD,D,20180706,000000,6600.0000000
GDAX.BTC-USD,D,20180707,000000,6753.2800000
GDAX.BTC-USD,D,20180708,000000,6701.9700000
GDAX.BTC-USD,D,20180709,000000,6664.0100000
GDAX.BTC-USD,D,20180710,000000,6303.7000000
GDAX.BTC-USD,D,20180711,000000,6390.0400000
GDAX.BTC-USD,D,20180712,000000,6249.7500000
GDAX.BTC-USD,D,20180713,000000,6216.2900000
GDAX.BTC-USD,D,20180714,000000,6248.6500000
GDAX.BTC-USD,D,20180715,000000,6348.7300000
GDAX.BTC-USD,D,20180716,000000,6728.8100000
GDAX.BTC-USD,D,20180717,000000,7315.0100000
GDAX.BTC-USD,D,20180718,000000,7378.9900000
GDAX.BTC-USD,D,20180719,000000,7470.0100000
GDAX.BTC-USD,D,20180720,000000,7334.4600000
GDAX.BTC-USD,D,20180721,000000,7408.0000000
GDAX.BTC-USD,D,20180722,000000,7397.8000000
GDAX.BTC-USD,D,20180723,000000,7720.0900000
GDAX.BTC-USD,D,20180724,000000,8385.5000000
GDAX.BTC-USD,D,20180725,000000,8157.1500000
GDAX.BTC-USD,D,20180726,000000,7931.9900000
GDAX.BTC-USD,D,20180727,000000,8184.2100000
GDAX.BTC-USD,D,20180728,000000,8228.9000000
GDAX.BTC-USD,D,20180729,000000,8216.3400000
GDAX.BTC-USD,D,20180730,000000,8170.0100000
GDAX.BTC-USD,D,20180731,000000,7727.2700000
GDAX.BTC-USD,D,20180801,000000,7603.9900000
GDAX.BTC-USD,D,20180802,000000,7533.9200000
GDAX.BTC-USD,D,20180803,000000,7414.0800000
GDAX.BTC-USD,D,20180804,000000,7005.0000000
GDAX.BTC-USD,D,20180805,000000,7030.0100000
GDAX.BTC-USD,D,20180806,000000,6938.0000000
GDAX.BTC-USD,D,20180807,000000,6718.2200000
GDAX.BTC-USD,D,20180808,000000,6282.5000000
GDAX.BTC-USD,D,20180809,000000,6546.4500000
GDAX.BTC-USD,D,20180810,000000,6146.0100000
GDAX.BTC-USD,D,20180811,000000,6235.5600000
GDAX.BTC-USD,D,20180812,000000,6316.0100000
GDAX.BTC-USD,D,20180813,000000,6253.6700000
GDAX.BTC-USD,D,20180814,000000,6195.0100000
GDAX.BTC-USD,D,20180815,000000,6269.0100000
GDAX.BTC-USD,D,20180816,000000,6315.9000000
GDAX.BTC-USD,D,20180817,000000,6585.4900000
GDAX.BTC-USD,D,20180818,000000,6396.6400000
GDAX.BTC-USD,D,20180819,000000,6489.5300000
GDAX.BTC-USD,D,20180820,000000,6258.7400000
GDAX.BTC-USD,D,20180821,000000,6475.8900000
GDAX.BTC-USD,D,20180822,000000,6359.9900000
GDAX.BTC-USD,D,20180823,000000,6526.3600000
GDAX.BTC-USD,D,20180824,000000,6690.8800000
GDAX.BTC-USD,D,20180825,000000,6737.5200000
GDAX.BTC-USD,D,20180826,000000,6709.9800000
GDAX.BTC-USD,D,20180827,000000,6911.9000000
GDAX.BTC-USD,D,20180828,000000,7071.0100000
GDAX.BTC-USD,D,20180829,000000,7030.9000000
GDAX.BTC-USD,D,20180830,000000,6983.0000000
GDAX.BTC-USD,D,20180831,000000,7015.0100000
GDAX.BTC-USD,D,20180901,000000,7191.0800000
GDAX.BTC-USD,D,20180902,000000,7295.0000000
GDAX.BTC-USD,D,20180903,000000,7256.9800000
GDAX.BTC-USD,D,20180904,000000,7360.0000000
GDAX.BTC-USD,D,20180905,000000,6687.9600000
GDAX.BTC-USD,D,20180906,000000,6495.0000000
GDAX.BTC-USD,D,20180907,000000,6395.0100000
GDAX.BTC-USD,D,20180908,000000,6188.0000000
GDAX.BTC-USD,D,20180909,000000,6235.0100000
GDAX.BTC-USD,D,20180910,000000,6300.0000000
GDAX.BTC-USD,D,20180911,000000,6282.5300000
GDAX.BTC-USD,D,20180912,000000,6326.0000000
GDAX.BTC-USD,D,20180913,000000,6485.9900000
GDAX.BTC-USD,D,20180914,000000,6478.0400000
GDAX.BTC-USD,D,20180915,000000,6518.6800000
GDAX.BTC-USD,D,20180916,000000,6498.0000000
GDAX.BTC-USD,D,20180917,000000,6250.7000000
GDAX.BTC-USD,D,20180918,000000,6335.7000000
GDAX.BTC-USD,D,20180919,000000,6386.9400000
GDAX.BTC-USD,D,20180920,000000,6493.1100000
GDAX.BTC-USD,D,20180921,000000,6750.0000000
GDAX.BTC-USD,D,20180922,000000,6707.3300000
GDAX.BTC-USD,D,20180923,000000,6696.9900000
GDAX.BTC-USD,D,20180924,000000,6582.0900000
GDAX.BTC-USD,D,20180925,000000,6436.8900000
GDAX.BTC-USD,D,20180926,000000,6455.6600000
GDAX.BTC-USD,D,20180927,000000,6680.0100000
GDAX.BTC-USD,D,20180928,000000,6620.0100000
GDAX.BTC-USD,D,20180929,000000,6581.0000000
GDAX.BTC-USD,D,20180930,000000,6605.0000000
GDAX.BTC-USD,D,20181001,000000,6572.8300000
GDAX.BTC-USD,D,20181002,000000,6498.4600000
GDAX.BTC-USD,D,20181003,000000,6466.0300000
GDAX.BTC-USD,D,20181004,000000,6547.4500000
GDAX.BTC-USD,D,20181005,000000,6593.9400000
GDAX.BTC-USD,D,20181006,000000,6552.4300000
GDAX.BTC-USD,D,20181007,000000,6570.0000000
GDAX.BTC-USD,D,20181008,000000,6608.0700000
GDAX.BTC-USD,D,20181009,000000,6589.4800000
GDAX.BTC-USD,D,20181010,000000,6524.5600000
GDAX.BTC-USD,D,20181011,000000,6154.6900000
GDAX.BTC-USD,D,20181012,000000,6188.0100000
GDAX.BTC-USD,D,20181013,000000,6196.0000000
GDAX.BTC-USD,D,20181014,000000,6183.4900000
GDAX.BTC-USD,D,20181015,000000,6440.4200000
GDAX.BTC-USD,D,20181016,000000,6457.1100000
GDAX.BTC-USD,D,20181017,000000,6443.7000000
GDAX.BTC-USD,D,20181018,000000,6394.9600000
GDAX.BTC-USD,D,20181019,000000,6382.9900000
GDAX.BTC-USD,D,20181020,000000,6414.0000000
GDAX.BTC-USD,D,20181021,000000,6415.8800000
GDAX.BTC-USD,D,20181022,000000,6407.6500000
GDAX.BTC-USD,D,20181023,000000,6395.1400000
GDAX.BTC-USD,D,20181024,000000,6415.9800000
GDAX.BTC-USD,D,20181025,000000,6395.5800000
GDAX.BTC-USD,D,20181026,000000,6404.8700000
GDAX.BTC-USD,D,20181027,000000,6409.1200000
GDAX.BTC-USD,D,20181028,000000,6403.6200000
GDAX.BTC-USD,D,20181029,000000,6266.0000000
GDAX.BTC-USD,D,20181030,000000,6267.6300000
GDAX.BTC-USD,D,20181031,000000,6304.1800000
GDAX.BTC-USD,D,20181101,000000,6344.0000000
GDAX.BTC-USD,D,20181102,000000,6349.8000000
GDAX.BTC-USD,D,20181103,000000,6331.9600000
GDAX.BTC-USD,D,20181104,000000,6423.2800000
GDAX.BTC-USD,D,20181105,000000,6404.0000000
GDAX.BTC-USD,D,20181106,000000,6448.5000000
GDAX.BTC-USD,D,20181107,000000,6503.1200000
GDAX.BTC-USD,D,20181108,000000,6406.2400000
GDAX.BTC-USD,D,20181109,000000,6334.8900000
GDAX.BTC-USD,D,20181110,000000,6347.4200000
GDAX.BTC-USD,D,20181111,000000,6357.6000000
GDAX.BTC-USD,D,20181112,000000,6327.8700000
GDAX.BTC-USD,D,20181113,000000,6259.3400000
GDAX.BTC-USD,D,20181114,000000,5605.4600000
GDAX.BTC-USD,D,20181115,000000,5579.5200000
GDAX.BTC-USD,D,20181116,000000,5512.2400000
GDAX.BTC-USD,D,20181117,000000,5504.1700000
GDAX.BTC-USD,D,20181118,000000,5560.0000000
GDAX.BTC-USD,D,20181119,000000,4733.5000000
GDAX.BTC-USD,D,20181120,000000,4349.2300000
GDAX.BTC-USD,D,20181121,000000,4545.1100000
GDAX.BTC-USD,D,20181122,000000,4265.3600000
GDAX.BTC-USD,D,20181123,000000,4283.8000000
GDAX.BTC-USD,D,20181124,000000,3774.9900000
GDAX.BTC-USD,D,20181125,000000,3936.6900000
GDAX.BTC-USD,D,20181126,000000,3731.3200000
GDAX.BTC-USD,D,20181127,000000,3775.0000000
GDAX.BTC-USD,D,20181128,000000,4225.0300000
GDAX.BTC-USD,D,20181129,000000,4248.0000000
GDAX.BTC-USD,D,20181130,000000,3976.0000000
GDAX.BTC-USD,D,20181201,000000,4142.0100000
GDAX.BTC-USD,D,20181202,000000,4103.1900000
GDAX.BTC-USD,D,20181203,000000,3833.4700000
GDAX.BTC-USD,D,20181204,000000,3901.8400000
GDAX.BTC-USD,D,20181205,000000,3694.3900000
GDAX.BTC-USD,D,20181206,000000,3433.2600000
GDAX.BTC-USD,D,20181207,000000,3380.0100000
GDAX.BTC-USD,D,20181208,000000,3401.0000000
GDAX.BTC-USD,D,20181209,000000,3531.1800000
GDAX.BTC-USD,D,20181210,000000,3410.1500000
GDAX.BTC-USD,D,20181211,000000,3349.3600000
GDAX.BTC-USD,D,20181212,000000,3430.2400000
GDAX.BTC-USD,D,20181213,000000,3265.0000000
GDAX.BTC-USD,D,20181214,000000,3195.7100000
GDAX.BTC-USD,D,20181215,000000,3183.0000000
GDAX.BTC-USD,D,20181216,000000,3195.0000000
GDAX.BTC-USD,D,20181217,000000,3496.8200000
GDAX.BTC-USD,D,20181218,000000,3667.7700000
GDAX.BTC-USD,D,20181219,000000,3715.2100000
GDAX.BTC-USD,D,20181220,000000,4075.3400000
GDAX.BTC-USD,D,20181221,000000,3839.0600000
GDAX.BTC-USD,D,20181222,000000,3980.4600000
GDAX.BTC-USD,D,20181223,000000,3944.9300000
GDAX.BTC-USD,D,20181224,000000,4034.0000000
GDAX.BTC-USD,D,20181225,000000,3780.0000000
GDAX.BTC-USD,D,20181226,000000,3809.8800000
GDAX.BTC-USD,D,20181227,000000,3589.8900000
GDAX.BTC-USD,D,20181228,000000,3888.0600000
GDAX.BTC-USD,D,20181229,000000,3729.3100000
GDAX.BTC-USD,D,20181230,000000,3829.0000000
GDAX.BTC-USD,D,20181231,000000,3691.8600000
GDAX.BTC-USD,D,20190101,000000,3826.1000000
GDAX.BTC-USD,D,20190102,000000,3890.7900000
GDAX.BTC-USD,D,20190103,000000,3787.5700000
GDAX.BTC-USD,D,20190104,000000,3820.8200000
GDAX.BTC-USD,D,20190105,000000,3798.6200000
GDAX.BTC-USD,D,20190106,000000,4040.9900000
GDAX.BTC-USD,D,20190107,000000,4006.0100000
GDAX.BTC-USD,D,20190108,000000,3993.8600000
GDAX.BTC-USD,D,20190109,000000,4004.1200000
GDAX.BTC-USD,D,20190110,000000,3626.1200000
GDAX.BTC-USD,D,20190111,000000,3635.6900000
GDAX.BTC-USD,D,20190112,000000,3619.4100000
GDAX.BTC-USD,D,20190113,000000,3514.2400000
GDAX.BTC-USD,D,20190114,000000,3664.1900000
GDAX.BTC-USD,D,20190115,000000,3580.7600000
GDAX.BTC-USD,D,20190116,000000,3609.7100000
GDAX.BTC-USD,D,20190117,000000,3640.6500000
GDAX.BTC-USD,D,20190118,000000,3607.8500000
GDAX.BTC-USD,D,20190119,000000,3682.6500000
GDAX.BTC-USD,D,20190120,000000,3536.1900000
GDAX.BTC-USD,D,20190121,000000,3531.7600000
GDAX.BTC-USD,D,20190122,000000,3577.0300000
GDAX.BTC-USD,D,20190123,000000,3553.0100000
GDAX.BTC-USD,D,20190124,000000,3568.9700000
GDAX.BTC-USD,D,20190125,000000,3562.1700000
GDAX.BTC-USD,D,20190126,000000,3556.0700000
GDAX.BTC-USD,D,20190127,000000,3531.0200000
GDAX.BTC-USD,D,20190128,000000,3429.9500000
GDAX.BTC-USD,D,20190129,000000,3397.4200000
GDAX.BTC-USD,D,20190130,000000,3437.5500000
GDAX.BTC-USD,D,20190131,000000,3411.5000000
GDAX.BTC-USD,D,20190201,000000,3437.5000000
GDAX.BTC-USD,D,20190202,000000,3468.4300000
GDAX.BTC-USD,D,20190203,000000,3414.7800000
GDAX.BTC-USD,D,20190204,000000,3409.5700000
GDAX.BTC-USD,D,20190205,000000,3428.4000000
GDAX.BTC-USD,D,20190206,000000,3367.3600000
GDAX.BTC-USD,D,20190207,000000,3359.0000000
GDAX.BTC-USD,D,20190208,000000,3621.9900000
GDAX.BTC-USD,D,20190209,000000,3623.7300000
GDAX.BTC-USD,D,20190210,000000,3648.8400000
GDAX.BTC-USD,D,20190211,000000,3590.3600000
GDAX.BTC-USD,D,20190212,000000,3588.0600000
GDAX.BTC-USD,D,20190213,000000,3576.6800000
GDAX.BTC-USD,D,20190214,000000,3561.5000000
GDAX.BTC-USD,D,20190215,000000,3566.5900000
GDAX.BTC-USD,D,20190216,000000,3582.3700000
GDAX.BTC-USD,D,20190217,000000,3625.0800000
GDAX.BTC-USD,D,20190218,000000,3867.0000000
GDAX.BTC-USD,D,20190219,000000,3888.0100000
GDAX.BTC-USD,D,20190220,000000,3938.9900000
GDAX.BTC-USD,D,20190221,000000,3897.7100000
GDAX.BTC-USD,D,20190222,000000,3942.0200000
GDAX.BTC-USD,D,20190223,000000,4110.0000000
GDAX.BTC-USD,D,20190224,000000,3734.2200000
GDAX.BTC-USD,D,20190225,000000,3818.7900000
GDAX.BTC-USD,D,20190226,000000,3799.4800000
GDAX.BTC-USD,D,20190227,000000,3799.9100000
GDAX.BTC-USD,D,20190228,000000,3792.1400000
GDAX.BTC-USD,D,20190301,000000,3806.1700000
GDAX.BTC-USD,D,20190302,000000,3809.7000000
GDAX.BTC-USD,D,20190303,000000,3786.9300000
GDAX.BTC-USD,D,20190304,000000,3700.7200000
GDAX.BTC-USD,D,20190305,000000,3844.5900000
GDAX.BTC-USD,D,20190306,000000,3851.8900000
GDAX.BTC-USD,D,20190307,000000,3857.0500000
GDAX.BTC-USD,D,20190308,000000,3843.1200000
GDAX.BTC-USD,D,20190309,000000,3917.0000000
GDAX.BTC-USD,D,20190310,000000,3900.9200000
GDAX.BTC-USD,D,20190311,000000,3849.6800000
GDAX.BTC-USD,D,20190312,000000,3860.0000000
GDAX.BTC-USD,D,20190313,000000,3851.0200000
GDAX.BTC-USD,D,20190314,000000,3853.9500000
GDAX.BTC-USD,D,20190315,000000,3902.8000000
GDAX.BTC-USD,D,20190316,000000,3990.0000000
GDAX.BTC-USD,D,20190317,000000,3967.0100000
GDAX.BTC-USD,D,20190318,000000,3970.5000000
GDAX.BTC-USD,D,20190319,000000,4000.8500000
GDAX.BTC-USD,D,20190320,000000,4031.8500000
GDAX.BTC-USD,D,20190321,000000,3972.7600000
GDAX.BTC-USD,D,20190322,000000,3983.7800000
GDAX.BTC-USD,D,20190323,000000,3983.4300000
GDAX.BTC-USD,D,20190324,000000,3969.5200000
GDAX.BTC-USD,D,20190325,000000,3907.5300000
GDAX.BTC-USD,D,20190326,000000,3921.4500000
GDAX.BTC-USD,D,20190327,000000,4026.5300000
GDAX.BTC-USD,D,20190328,000000,4011.1700000
GDAX.BTC-USD,D,20190329,000000,4091.0100000
GDAX.BTC-USD,D,20190330,000000,4094.1400000
GDAX.BTC-USD,D,20190331,000000,4094.9900000
GDAX.BTC-USD,D,20190401,000000,4137.0000000
GDAX.BTC-USD,D,20190402,000000,4901.9300000
GDAX.BTC-USD,D,20190403,000000,4975.9700000
GDAX.BTC-USD,D,20190404,000000,4906.4900000
GDAX.BTC-USD,D,20190405,000000,5040.6600000
GDAX.BTC-USD,D,20190406,000000,5049.2200000
GDAX.BTC-USD,D,20190407,000000,5194.7900000
GDAX.BTC-USD,D,20190408,000000,5285.5400000
GDAX.BTC-USD,D,20190409,000000,5187.2100000
GDAX.BTC-USD,D,20190410,000000,5318.5800000
GDAX.BTC-USD,D,20190411,000000,5041.3000000
GDAX.BTC-USD,D,20190412,000000,5078.1900000
GDAX.BTC-USD,D,20190413,000000,5066.2200000
GDAX.BTC-USD,D,20190414,000000,5164.2700000
GDAX.BTC-USD,D,20190415,000000,5029.9900000
GDAX.BTC-USD,D,20190416,000000,5202.9000000
GDAX.BTC-USD,D,20190417,000000,5227.0000000
GDAX.BTC-USD,D,20190418,000000,5281.8100000
GDAX.BTC-USD,D,20190419,000000,5290.3600000
GDAX.BTC-USD,D,20190420,000000,5319.8900000
GDAX.BTC-USD,D,20190421,000000,5297.6400000
GDAX.BTC-USD,D,20190422,000000,5387.6000000
GDAX.BTC-USD,D,20190423,000000,5532.7500000
GDAX.BTC-USD,D,20190424,000000,5441.9000000
GDAX.BTC-USD,D,20190425,000000,5134.8100000
GDAX.BTC-USD,D,20190426,000000,5159.5100000
GDAX.BTC-USD,D,20190427,000000,5170.6000000
GDAX.BTC-USD,D,20190428,000000,5155.0000000
GDAX.BTC-USD,D,20190429,000000,5148.2500000
GDAX.BTC-USD,D,20190430,000000,5270.6900000
GDAX.BTC-USD,D,20190501,000000,5321.1500000
GDAX.BTC-USD,D,20190502,000000,5390.0100000
GDAX.BTC-USD,D,20190503,000000,5657.4000000
GDAX.BTC-USD,D,20190504,000000,5770.0100000
GDAX.BTC-USD,D,20190505,000000,5715.8600000
GDAX.BTC-USD,D,20190506,000000,5687.9000000
GDAX.BTC-USD,D,20190507,000000,5748.4500000
GDAX.BTC-USD,D,20190508,000000,5948.4100000
GDAX.BTC-USD,D,20190509,000000,6153.0900000
GDAX.BTC-USD,D,20190510,000000,6343.1400000
GDAX.BTC-USD,D,20190511,000000,7219.9500000
GDAX.BTC-USD,D,20190512,000000,6979.7600000
GDAX.BTC-USD,D,20190513,000000,7824.9300000
GDAX.BTC-USD,D,20190514,000000,7990.9200000
GDAX.BTC-USD,D,20190515,000000,8203.3200000
GDAX.BTC-USD,D,20190516,000000,7878.9600000
GDAX.BTC-USD,D,20190517,000000,7363.6900000
GDAX.BTC-USD,D,20190518,000000,7262.4000000
GDAX.BTC-USD,D,20190519,000000,8200.0000000
GDAX.BTC-USD,D,20190520,000000,7999.5400000
GDAX.BTC-USD,D,20190521,000000,7951.7000000
GDAX.BTC-USD,D,20190522,000000,7626.4800000
GDAX.BTC-USD,D,20190523,000000,7881.9800000
GDAX.BTC-USD,D,20190524,000000,8001.7000000
GDAX.BTC-USD,D,20190525,000000,8063.8100000
GDAX.BTC-USD,D,20190526,000000,8731.7200000
GDAX.BTC-USD,D,20190527,000000,8772.2900000
GDAX.BTC-USD,D,20190528,000000,8715.3600000
GDAX.BTC-USD,D,20190529,000000,8662.4400000
GDAX.BTC-USD,D,20190530,000000,8279.6900000
GDAX.BTC-USD,D,20190531,000000,8554.0600000
GDAX.BTC-USD,D,20190601,000000,8558.9500000
GDAX.BTC-USD,D,20190602,000000,8736.5500000
GDAX.BTC-USD,D,20190603,000000,8107.9600000
GDAX.BTC-USD,D,20190604,000000,7670.9600000
GDAX.BTC-USD,D,20190605,000000,7789.4800000
GDAX.BTC-USD,D,20190606,000000,7805.0000000
GDAX.BTC-USD,D,20190607,000000,7998.1300000
GDAX.BTC-USD,D,20190608,000000,7930.1400000
GDAX.BTC-USD,D,20190609,000000,7634.5800000
GDAX.BTC-USD,D,20190610,000000,8015.6900000
GDAX.BTC-USD,D,20190611,000000,7918.1700000
GDAX.BTC-USD,D,20190612,000000,8176.0200000
GDAX.BTC-USD,D,20190613,000000,8239.0400000
GDAX.BTC-USD,D,20190614,000000,8697.4600000
GDAX.BTC-USD,D,20190615,000000,8860.2300000
GDAX.BTC-USD,D,20190616,000000,8975.0000000
GDAX.BTC-USD,D,20190617,000000,9333.1400000
GDAX.BTC-USD,D,20190618,000000,9078.4800000
GDAX.BTC-USD,D,20190619,000000,9277.5400000
GDAX.BTC-USD,D,20190620,000000,9531.2100000
GDAX.BTC-USD,D,20190621,000000,10236.2000000
GDAX.BTC-USD,D,20190622,000000,10666.8600000
GDAX.BTC-USD,D,20190623,000000,10833.0200000
GDAX.BTC-USD,D,20190624,000000,11032.3200000
GDAX.BTC-USD,D,20190625,000000,11755.5300000
GDAX.BTC-USD,D,20190626,000000,12927.4400000
GDAX.BTC-USD,D,20190627,000000,11159.2900000
GDAX.BTC-USD,D,20190628,000000,12360.4500000
GDAX.BTC-USD,D,20190629,000000,11865.2900000
GDAX.BTC-USD,D,20190630,000000,10761.2600000
GDAX.BTC-USD,D,20190701,000000,10577.6300000
GDAX.BTC-USD,D,20190702,000000,10829.1800000
GDAX.BTC-USD,D,20190703,000000,11976.4200000
GDAX.BTC-USD,D,20190704,000000,11136.0000000
GDAX.BTC-USD,D,20190705,000000,11004.5100000
GDAX.BTC-USD,D,20190706,000000,11237.7700000
GDAX.BTC-USD,D,20190707,000000,11474.4200000
GDAX.BTC-USD,D,20190708,000000,12293.5300000
GDAX.BTC-USD,D,20190709,000000,12571.1100000
GDAX.BTC-USD,D,20190710,000000,12097.9600000
GDAX.BTC-USD,D,20190711,000000,11349.0000000
GDAX.BTC-USD,D,20190712,000000,11802.0000000
GDAX.BTC-USD,D,20190713,000000,11370.0800000
GDAX.BTC-USD,D,20190714,000000,10185.0300000
GDAX.BTC-USD,D,20190715,000000,10854.4700000
GDAX.BTC-USD,D,20190716,000000,9422.7200000
GDAX.BTC-USD,D,20190717,000000,9696.3100000
GDAX.BTC-USD,D,20190718,000000,10649.0700000
GDAX.BTC-USD,D,20190719,000000,10538.0600000
GDAX.BTC-USD,D,20190720,000000,10761.0300000
GDAX.BTC-USD,D,20190721,000000,10590.7000000
GDAX.BTC-USD,D,20190722,000000,10323.3900000
GDAX.BTC-USD,D,20190723,000000,9840.1200000
GDAX.BTC-USD,D,20190724,000000,9772.6000000
GDAX.BTC-USD,D,20190725,000000,9883.3300000
GDAX.BTC-USD,D,20190726,000000,9843.0000000
GDAX.BTC-USD,D,20190727,000000,9479.9800000
GDAX.BTC-USD,D,20190728,000000,9533.0000000
GDAX.BTC-USD,D,20190729,000000,9495.0100000
GDAX.BTC-USD,D,20190730,000000,9589.0100000
GDAX.BTC-USD,D,20190731,000000,10087.3000000
GDAX.BTC-USD,D,20190801,000000,10405.9400000
GDAX.BTC-USD,D,20190802,000000,10533.0100000
GDAX.BTC-USD,D,20190803,000000,10820.7600000
GDAX.BTC-USD,D,20190804,000000,10977.5100000
GDAX.BTC-USD,D,20190805,000000,11819.4900000
GDAX.BTC-USD,D,20190806,000000,11465.4900000
GDAX.BTC-USD,D,20190807,000000,11975.0300000
GDAX.BTC-USD,D,20190808,000000,11981.0000000
GDAX.BTC-USD,D,20190809,000000,11856.1000000
GDAX.BTC-USD,D,20190810,000000,11280.9500000
GDAX.BTC-USD,D,20190811,000000,11540.7600000
GDAX.BTC-USD,D,20190812,000000,11389.2800000
GDAX.BTC-USD,D,20190813,000000,10854.9200000
GDAX.BTC-USD,D,20190814,000000,10025.8600000
GDAX.BTC-USD,D,20190815,000000,10300.0100000
GDAX.BTC-USD,D,20190816,000000,10352.7800000
GDAX.BTC-USD,D,20190817,000000,10217.7900000
GDAX.BTC-USD,D,20190818,000000,10315.4800000
GDAX.BTC-USD,D,20190819,000000,10920.0000000
GDAX.BTC-USD,D,20190820,000000,10769.0900000
GDAX.BTC-USD,D,20190821,000000,10130.0000000
GDAX.BTC-USD,D,20190822,000000,10107.1500000
GDAX.BTC-USD,D,20190823,000000,10410.8500000
GDAX.BTC-USD,D,20190824,000000,10147.9600000
GDAX.BTC-USD,D,20190825,000000,10138.7200000
GDAX.BTC-USD,D,20190826,000000,10361.6500000
GDAX.BTC-USD,D,20190827,000000,10171.8500000
GDAX.BTC-USD,D,20190828,000000,9714.3100000
GDAX.BTC-USD,D,20190829,000000,9495.0000000
GDAX.BTC-USD,D,20190830,000000,9582.4200000
GDAX.BTC-USD,D,20190831,000000,9600.8600000
GDAX.BTC-USD,D,20190901,000000,9766.5200000
GDAX.BTC-USD,D,20190902,000000,10381.2600000
GDAX.BTC-USD,D,20190903,000000,10628.4800000
GDAX.BTC-USD,D,20190904,000000,10581.8400000
GDAX.BTC-USD,D,20190905,000000,10574.7300000
GDAX.BTC-USD,D,20190906,000000,10308.9200000
GDAX.BTC-USD,D,20190907,000000,10484.3700000
GDAX.BTC-USD,D,20190908,000000,10398.9700000
GDAX.BTC-USD,D,20190909,000000,10310.0000000
GDAX.BTC-USD,D,20190910,000000,10093.0100000
GDAX.BTC-USD,D,20190911,000000,10160.2000000
GDAX.BTC-USD,D,20190912,000000,10423.7200000
GDAX.BTC-USD,D,20190913,000000,10365.9300000
GDAX.BTC-USD,D,20190914,000000,10360.2500000
GDAX.BTC-USD,D,20190915,000000,10304.4600000
GDAX.BTC-USD,D,20190916,000000,10262.5400000
GDAX.BTC-USD,D,20190917,000000,10185.3900000
GDAX.BTC-USD,D,20190918,000000,10155.2600000
GDAX.BTC-USD,D,20190919,000000,10275.0100000
GDAX.BTC-USD,D,20190920,000000,10168.8500000
GDAX.BTC-USD,D,20190921,000000,9973.9900000
GDAX.BTC-USD,D,20190922,000000,10026.8000000
GDAX.BTC-USD,D,20190923,000000,9844.2800000
GDAX.BTC-USD,D,20190924,000000,8530.0100000
GDAX.BTC-USD,D,20190925,000000,8438.3500000
GDAX.BTC-USD,D,20190926,000000,8060.0000000
GDAX.BTC-USD,D,20190927,000000,8193.9900000
GDAX.BTC-USD,D,20190928,000000,8217.4700000
GDAX.BTC-USD,D,20190929,000000,8052.4000000
GDAX.BTC-USD,D,20190930,000000,8304.9600000
GDAX.BTC-USD,D,20191001,000000,8321.5200000
GDAX.BTC-USD,D,20191002,000000,8381.7200000
GDAX.BTC-USD,D,20191003,000000,8240.4100000
GDAX.BTC-USD,D,20191004,000000,8156.6700000
GDAX.BTC-USD,D,20191005,000000,8147.6300000
GDAX.BTC-USD,D,20191006,000000,7859.7900000
GDAX.BTC-USD,D,20191007,000000,8209.0000000
GDAX.BTC-USD,D,20191008,000000,8180.0000000
GDAX.BTC-USD,D,20191009,000000,8590.0000000
GDAX.BTC-USD,D,20191010,000000,8587.5000000
GDAX.BTC-USD,D,20191011,000000,8267.3300000
GDAX.BTC-USD,D,20191012,000000,8309.0300000
GDAX.BTC-USD,D,20191013,000000,8282.9700000
GDAX.BTC-USD,D,20191014,000000,8355.0000000
GDAX.BTC-USD,D,20191015,000000,8162.4400000
GDAX.BTC-USD,D,20191016,000000,7993.5400000
GDAX.BTC-USD,D,20191017,000000,8076.2000000
GDAX.BTC-USD,D,20191018,000000,7954.1600000
GDAX.BTC-USD,D,20191019,000000,7965.2800000
GDAX.BTC-USD,D,20191020,000000,8236.1200000
GDAX.BTC-USD,D,20191021,000000,8209.9200000
GDAX.BTC-USD,D,20191022,000000,8024.7200000
GDAX.BTC-USD,D,20191023,000000,7474.8500000
GDAX.BTC-USD,D,20191024,000000,7430.8700000
GDAX.BTC-USD,D,20191025,000000,8668.0000000
GDAX.BTC-USD,D,20191026,000000,9259.7800000
GDAX.BTC-USD,D,20191027,000000,9548.8400000
GDAX.BTC-USD,D,20191028,000000,9226.5000000
GDAX.BTC-USD,D,20191029,000000,9430.8000000
GDAX.BTC-USD,D,20191030,000000,9164.4400000
GDAX.BTC-USD,D,20191031,000000,9159.4800000
GDAX.BTC-USD,D,20191101,000000,9253.1200000
GDAX.BTC-USD,D,20191102,000000,9308.5200000
GDAX.BTC-USD,D,20191103,000000,9206.5200000
GDAX.BTC-USD,D,20191104,000000,9412.5300000
GDAX.BTC-USD,D,20191105,000000,9322.0900000
GDAX.BTC-USD,D,20191106,000000,9341.2700000
GDAX.BTC-USD,D,20191107,000000,9198.8400000
GDAX.BTC-USD,D,20191108,000000,8763.0100000
GDAX.BTC-USD,D,20191109,000000,8807.8900000
GDAX.BTC-USD,D,20191110,000000,9032.2300000
GDAX.BTC-USD,D,20191111,000000,8721.5400000
GDAX.BTC-USD,D,20191112,000000,8810.0000000
GDAX.BTC-USD,D,20191113,000000,8758.3400000
GDAX.BTC-USD,D,20191114,000000,8630.0000000
GDAX.BTC-USD,D,20191115,000000,8457.4800000
GDAX.BTC-USD,D,20191116,000000,8481.0000000
GDAX.BTC-USD,D,20191117,000000,8500.0100000
GDAX.BTC-USD,D,20191118,000000,8168.8400000
GDAX.BTC-USD,D,20191119,000000,8123.3600000
GDAX.BTC-USD,D,20191120,000000,8082.9600000
GDAX.BTC-USD,D,20191121,000000,7616.4600000
GDAX.BTC-USD,D,20191122,000000,7283.0300000
GDAX.BTC-USD,D,20191123,000000,7329.2900000
GDAX.BTC-USD,D,20191124,000000,6908.6400000
GDAX.BTC-USD,D,20191125,000000,7127.0100000
GDAX.BTC-USD,D,20191126,000000,7162.6700000
GDAX.BTC-USD,D,20191127,000000,7523.7200000
GDAX.BTC-USD,D,20191128,000000,7432.4100000
GDAX.BTC-USD,D,20191129,000000,7760.0000000
GDAX.BTC-USD,D,20191130,000000,7555.9200000
GDAX.BTC-USD,D,20191201,000000,7404.2700000
GDAX.BTC-USD,D,20191202,000000,7305.0100000
GDAX.BTC-USD,D,20191203,000000,7302.9400000
GDAX.BTC-USD,D,20191204,000000,7198.9900000
GDAX.BTC-USD,D,20191205,000000,7393.5400000
GDAX.BTC-USD,D,20191206,000000,7540.0800000
GDAX.BTC-USD,D,20191207,000000,7502.1900000
GDAX.BTC-USD,D,20191208,000000,7520.0000000
GDAX.BTC-USD,D,20191209,000000,7337.5100000
GDAX.BTC-USD,D,20191210,000000,7219.3700000
GDAX.BTC-USD,D,20191211,000000,7201.2300000
GDAX.BTC-USD,D,20191212,000000,7185.9100000
GDAX.BTC-USD,D,20191213,000000,7249.9000000
GDAX.BTC-USD,D,20191214,000000,7062.9100000
GDAX.BTC-USD,D,20191215,000000,7111.0000000
GDAX.BTC-USD,D,20191216,000000,6877.0300000
GDAX.BTC-USD,D,20191217,000000,6616.6200000
GDAX.BTC-USD,D,20191218,000000,7285.5300000
GDAX.BTC-USD,D,20191219,000000,7149.1200000
GDAX.BTC-USD,D,20191220,000000,7190.0000000
GDAX.BTC-USD,D,20191221,000000,7143.0100000
GDAX.BTC-USD,D,20191222,000000,7513.0600000
GDAX.BTC-USD,D,20191223,000000,7310.7900000
GDAX.BTC-USD,D,20191224,000000,7255.0100000
GDAX.BTC-USD,D,20191225,000000,7192.1200000
GDAX.BTC-USD,D,20191226,000000,7194.1300000
GDAX.BTC-USD,D,20191227,000000,7245.8300000
GDAX.BTC-USD,D,20191228,000000,7302.6700000
GDAX.BTC-USD,D,20191229,000000,7384.8900000
GDAX.BTC-USD,D,20191230,000000,7218.0000000
GDAX.BTC-USD,D,20191231,000000,7165.7200000
GDAX.BTC-USD,D,20200101,000000,7174.3300000
GDAX.BTC-USD,D,20200102,000000,6945.0200000
GDAX.BTC-USD,D,20200103,000000,7334.4500000
GDAX.BTC-USD,D,20200104,000000,7348.6300000
GDAX.BTC-USD,D,20200105,000000,7355.4000000
GDAX.BTC-USD,D,20200106,000000,7764.6300000
GDAX.BTC-USD,D,20200107,000000,8158.5200000
GDAX.BTC-USD,D,20200108,000000,8045.5100000
GDAX.BTC-USD,D,20200109,000000,7813.7800000
GDAX.BTC-USD,D,20200110,000000,8198.0900000
GDAX.BTC-USD,D,20200111,000000,8020.0000000
GDAX.BTC-USD,D,20200112,000000,8180.8100000
GDAX.BTC-USD,D,20200113,000000,8104.5000000
GDAX.BTC-USD,D,20200114,000000,8815.6900000
GDAX.BTC-USD,D,20200115,000000,8808.8100000
GDAX.BTC-USD,D,20200116,000000,8714.7600000
GDAX.BTC-USD,D,20200117,000000,8899.4200000
GDAX.BTC-USD,D,20200118,000000,8909.3200000
GDAX.BTC-USD,D,20200119,000000,8697.5300000
GDAX.BTC-USD,D,20200120,000000,8628.8900000
GDAX.BTC-USD,D,20200121,000000,8722.0300000
GDAX.BTC-USD,D,20200122,000000,8660.3800000
GDAX.BTC-USD,D,20200123,000000,8385.2200000
GDAX.BTC-USD,D,20200124,000000,8427.2600000
GDAX.BTC-USD,D,20200125,000000,8326.8100000
GDAX.BTC-USD,D,20200126,000000,8595.0000000
GDAX.BTC-USD,D,20200127,000000,8895.9600000
GDAX.BTC-USD,D,20200128,000000,9394.5000000
GDAX.BTC-USD,D,20200129,000000,9288.4400000
GDAX.BTC-USD,D,20200130,000000,9503.0800000
GDAX.BTC-USD,D,20200131,000000,9334.9800000
GDAX.BTC-USD,D,20200201,000000,9380.1800000
GDAX.BTC-USD,D,20200202,000000,9323.5000000
GDAX.BTC-USD,D,20200203,000000,9280.4900000
GDAX.BTC-USD,D,20200204,000000,9164.3300000
GDAX.BTC-USD,D,20200205,000000,9613.8200000
GDAX.BTC-USD,D,20200206,000000,9763.0100000
GDAX.BTC-USD,D,20200207,000000,9808.0500000
GDAX.BTC-USD,D,20200208,000000,9905.6400000
GDAX.BTC-USD,D,20200209,000000,10168.3500000
GDAX.BTC-USD,D,20200210,000000,9851.7800000
GDAX.BTC-USD,D,20200211,000000,10270.0100000
GDAX.BTC-USD,D,20200212,000000,10351.1300000
GDAX.BTC-USD,D,20200213,000000,10236.4900000
GDAX.BTC-USD,D,20200214,000000,10371.3300000
GDAX.BTC-USD,D,20200215,000000,9911.2200000
GDAX.BTC-USD,D,20200216,000000,9921.0000000
GDAX.BTC-USD,D,20200217,000000,9700.0000000
GDAX.BTC-USD,D,20200218,000000,10188.0400000
GDAX.BTC-USD,D,20200219,000000,9600.0800000
GDAX.BTC-USD,D,20200220,000000,9610.0500000
GDAX.BTC-USD,D,20200221,000000,9695.6600000
GDAX.BTC-USD,D,20200222,000000,9668.2300000
GDAX.BTC-USD,D,20200223,000000,9965.0100000
GDAX.BTC-USD,D,20200224,000000,9660.0000000
GDAX.BTC-USD,D,20200225,000000,9305.0000000
GDAX.BTC-USD,D,20200226,000000,8778.3000000
GDAX.BTC-USD,D,20200227,000000,8812.4900000
GDAX.BTC-USD,D,20200228,000000,8708.8900000
GDAX.BTC-USD,D,20200229,000000,8525.0700000
GDAX.BTC-USD,D,20200301,000000,8522.3100000
GDAX.BTC-USD,D,20200302,000000,8915.0000000
GDAX.BTC-USD,D,20200303,000000,8757.8400000
GDAX.BTC-USD,D,20200304,000000,8760.6600000
GDAX.BTC-USD,D,20200305,000000,9070.1700000
GDAX.BTC-USD,D,20200306,000000,9158.5100000
GDAX.BTC-USD,D,20200307,000000,8901.3700000
GDAX.BTC-USD,D,20200308,000000,8037.7600000
GDAX.BTC-USD,D,20200309,000000,7934.5200000
GDAX.BTC-USD,D,20200310,000000,7894.6800000
GDAX.BTC-USD,D,20200311,000000,7938.0500000
GDAX.BTC-USD,D,20200312,000000,4857.1000000
GDAX.BTC-USD,D,20200313,000000,5637.6000000
GDAX.BTC-USD,D,20200314,000000,5165.2500000
GDAX.BTC-USD,D,20200315,000000,5345.3500000
GDAX.BTC-USD,D,20200316,000000,5037.6100000
GDAX.BTC-USD,D,20200317,000000,5331.7100000
GDAX.BTC-USD,D,20200318,000000,5413.6400000
GDAX.BTC-USD,D,20200319,000000,6186.2600000
GDAX.BTC-USD,D,20200320,000000,6206.1000000
GDAX.BTC-USD,D,20200321,000000,6198.7800000
GDAX.BTC-USD,D,20200322,000000,5818.2500000
GDAX.BTC-USD,D,20200323,000000,6490.6300000
GDAX.BTC-USD,D,20200324,000000,6766.6400000
GDAX.BTC-USD,D,20200325,000000,6690.9600000
GDAX.BTC-USD,D,20200326,000000,6758.1800000
GDAX.BTC-USD,D,20200327,000000,6372.3600000
GDAX.BTC-USD,D,20200328,000000,6251.8200000
GDAX.BTC-USD,D,20200329,000000,5877.2100000
GDAX.BTC-USD,D,20200330,000000,6406.4000000
GDAX.BTC-USD,D,20200331,000000,6424.3500000
GDAX.BTC-USD,D,20200401,000000,6666.1100000
GDAX.BTC-USD,D,20200402,000000,6804.5200000
GDAX.BTC-USD,D,20200403,000000,6741.9900000
GDAX.BTC-USD,D,20200404,000000,6874.7700000
GDAX.BTC-USD,D,20200405,000000,6778.2500000
GDAX.BTC-USD,D,20200406,000000,7341.5600000
GDAX.BTC-USD,D,20200407,000000,7200.0100000
GDAX.BTC-USD,D,20200408,000000,7370.1100000
GDAX.BTC-USD,D,20200409,000000,7293.2400000
GDAX.BTC-USD,D,20200410,000000,6871.9100000
GDAX.BTC-USD,D,20200411,000000,6889.6500000
GDAX.BTC-USD,D,20200412,000000,6908.1300000
GDAX.BTC-USD,D,20200413,000000,6861.2100000
GDAX.BTC-USD,D,20200414,000000,6877.3700000
GDAX.BTC-USD,D,20200415,000000,6624.1200000
GDAX.BTC-USD,D,20200416,000000,7112.6400000
GDAX.BTC-USD,D,20200417,000000,7037.4600000
GDAX.BTC-USD,D,20200418,000000,7261.7600000
GDAX.BTC-USD,D,20200419,000000,7130.7100000
GDAX.BTC-USD,D,20200420,000000,6838.1900000
GDAX.BTC-USD,D,20200421,000000,6853.6800000
GDAX.BTC-USD,D,20200422,000000,7136.8400000
GDAX.BTC-USD,D,20200423,000000,7488.8300000
GDAX.BTC-USD,D,20200424,000000,7514.6400000
GDAX.BTC-USD,D,20200425,000000,7547.6100000
GDAX.BTC-USD,D,20200426,000000,7706.4000000
GDAX.BTC-USD,D,20200427,000000,7789.7700000
GDAX.BTC-USD,D,20200428,000000,7755.0100000
GDAX.BTC-USD,D,20200429,000000,8793.7500000
GDAX.BTC-USD,D,20200430,000000,8624.2800000
GDAX.BTC-USD,D,20200501,000000,8829.4200000
GDAX.BTC-USD,D,20200502,000000,8985.5800000
GDAX.BTC-USD,D,20200503,000000,8909.9500000
GDAX.BTC-USD,D,20200504,000000,8883.5300000
GDAX.BTC-USD,D,20200505,000000,9028.7900000
GDAX.BTC-USD,D,20200506,000000,9155.7900000
GDAX.BTC-USD,D,20200507,000000,10004.7700000
GDAX.BTC-USD,D,20200508,000000,9810.0000000
GDAX.BTC-USD,D,20200509,000000,9537.2100000
GDAX.BTC-USD,D,20200510,000000,8729.8600000
GDAX.BTC-USD,D,20200511,000000,8572.4000000
GDAX.BTC-USD,D,20200512,000000,8821.4200000
GDAX.BTC-USD,D,20200513,000000,9321.2600000
GDAX.BTC-USD,D,20200514,000000,9795.3400000
GDAX.BTC-USD,D,20200515,000000,9312.1000000
GDAX.BTC-USD,D,20200516,000000,9383.1600000
GDAX.BTC-USD,D,20200517,000000,9676.6300000
GDAX.BTC-USD,D,20200518,000000,9728.5200000
GDAX.BTC-USD,D,20200519,000000,9783.7600000
GDAX.BTC-USD,D,20200520,000000,9509.4100000
GDAX.BTC-USD,D,20200521,000000,9061.9600000
GDAX.BTC-USD,D,20200522,000000,9168.8400000
GDAX.BTC-USD,D,20200523,000000,9181.7600000
GDAX.BTC-USD,D,20200524,000000,8715.7300000
GDAX.BTC-USD,D,20200525,000000,8899.3100000
GDAX.BTC-USD,D,20200526,000000,8844.4200000
GDAX.BTC-USD,D,20200527,000000,9208.5300000
GDAX.BTC-USD,D,20200528,000000,9581.0950000
GDAX.BTC-USD,D,20200529,000000,9423.8400000
GDAX.BTC-USD,D,20200530,000000,9700.3300000
GDAX.BTC-USD,D,20200531,000000,9446.5700000
GDAX.BTC-USD,D,20200601,000000,10208.9600000
GDAX.BTC-USD,D,20200602,000000,9522.4600000
GDAX.BTC-USD,D,20200603,000000,9668.0700000
GDAX.BTC-USD,D,20200604,000000,9788.0300000
GDAX.BTC-USD,D,20200605,000000,9613.2100000
GDAX.BTC-USD,D,20200606,000000,9671.7000000
GDAX.BTC-USD,D,20200607,000000,9750.1200000
GDAX.BTC-USD,D,20200608,000000,9781.5100000
GDAX.BTC-USD,D,20200609,000000,9779.4100000
GDAX.BTC-USD,D,20200610,000000,9894.0400000
GDAX.BTC-USD,D,20200611,000000,9268.1600000
GDAX.BTC-USD,D,20200612,000000,9464.1700000
GDAX.BTC-USD,D,20200613,000000,9475.0000000
GDAX.BTC-USD,D,20200614,000000,9325.0000000
GDAX.BTC-USD,D,20200615,000000,9432.5300000
GDAX.BTC-USD,D,20200616,000000,9526.2500000
GDAX.BTC-USD,D,20200617,000000,9457.5100000
GDAX.BTC-USD,D,20200618,000000,9376.1400000
GDAX.BTC-USD,D,20200619,000000,9301.9100000
GDAX.BTC-USD,D,20200620,000000,9355.7400000
GDAX.BTC-USD,D,20200621,000000,9286.1400000
GDAX.BTC-USD,D,20200622,000000,9690.7400000
GDAX.BTC-USD,D,20200623,000000,9623.5600000
GDAX.BTC-USD,D,20200624,000000,9285.9100000
GDAX.BTC-USD,D,20200625,000000,9243.5100000
GDAX.BTC-USD,D,20200626,000000,9155.4200000
GDAX.BTC-USD,D,20200627,000000,9002.4600000
GDAX.BTC-USD,D,20200628,000000,9113.2400000
GDAX.BTC-USD,D,20200629,000000,9184.4500000
GDAX.BTC-USD,D,20200630,000000,9136.2000000
GDAX.BTC-USD,D,20200701,000000,9239.9700000
GDAX.BTC-USD,D,20200702,000000,9091.5300000
GDAX.BTC-USD,D,20200703,000000,9063.8700000
GDAX.BTC-USD,D,20200704,000000,9138.5100000
GDAX.BTC-USD,D,20200705,000000,9074.3900000
GDAX.BTC-USD,D,20200706,000000,9343.3100000
GDAX.BTC-USD,D,20200707,000000,9253.9400000
GDAX.BTC-USD,D,20200708,000000,9435.2800000
GDAX.BTC-USD,D,20200709,000000,9236.9500000
GDAX.BTC-USD,D,20200710,000000,9291.0500000
GDAX.BTC-USD,D,20200711,000000,9235.0000000
GDAX.BTC-USD,D,20200712,000000,9303.3700000
GDAX.BTC-USD,D,20200713,000000,9236.9200000
GDAX.BTC-USD,D,20200714,000000,9256.9400000
GDAX.BTC-USD,D,20200715,000000,9190.1600000
GDAX.BTC-USD,D,20200716,000000,9130.1100000
GDAX.BTC-USD,D,20200717,000000,9154.2900000
GDAX.BTC-USD,D,20200718,000000,9175.8500000
GDAX.BTC-USD,D,20200719,000000,9212.8700000
GDAX.BTC-USD,D,20200720,000000,9161.0500000
GDAX.BTC-USD,D,20200721,000000,9394.1400000
GDAX.BTC-USD,D,20200722,000000,9536.1800000
GDAX.BTC-USD,D,20200723,000000,9613.2400000
GDAX.BTC-USD,D,20200724,000000,9551.2100000
GDAX.BTC-USD,D,20200725,000000,9711.3300000
GDAX.BTC-USD,D,20200726,000000,9941.0000000
GDAX.BTC-USD,D,20200727,000000,11048.9100000
GDAX.BTC-USD,D,20200728,000000,10934.2300000
GDAX.BTC-USD,D,20200729,000000,11110.1200000
GDAX.BTC-USD,D,20200730,000000,11115.9500000
GDAX.BTC-USD,D,20200731,000000,11351.6200000
GDAX.BTC-USD,D,20200801,000000,11810.0700000
GDAX.BTC-USD,D,20200802,000000,11068.5400000
GDAX.BTC-USD,D,20200803,000000,11233.1300000
GDAX.BTC-USD,D,20200804,000000,11197.0400000
GDAX.BTC-USD,D,20200805,000000,11756.7500000
GDAX.BTC-USD,D,20200806,000000,11773.8900000
GDAX.BTC-USD,D,20200807,000000,11606.5200000
GDAX.BTC-USD,D,20200808,000000,11774.9800000
GDAX.BTC-USD,D,20200809,000000,11688.4800000
GDAX.BTC-USD,D,20200810,000000,11899.7300000
GDAX.BTC-USD,D,20200811,000000,11388.5300000
GDAX.BTC-USD,D,20200812,000000,11566.4500000
GDAX.BTC-USD,D,20200813,000000,11795.9500000
GDAX.BTC-USD,D,20200814,000000,11779.0000000
GDAX.BTC-USD,D,20200815,000000,11859.2400000
GDAX.BTC-USD,D,20200816,000000,11918.8400000
GDAX.BTC-USD,D,20200817,000000,12304.2600000
GDAX.BTC-USD,D,20200818,000000,11950.0000000
GDAX.BTC-USD,D,20200819,000000,11758.8700000
GDAX.BTC-USD,D,20200820,000000,11864.2600000
GDAX.BTC-USD,D,20200821,000000,11529.2200000
GDAX.BTC-USD,D,20200822,000000,11672.9300000
GDAX.BTC-USD,D,20200823,000000,11650.0100000
GDAX.BTC-USD,D,20200824,000000,11753.8500000
GDAX.BTC-USD,D,20200825,000000,11324.9200000
GDAX.BTC-USD,D,20200826,000000,11463.2700000
GDAX.BTC-USD,D,20200827,000000,11330.0600000
GDAX.BTC-USD,D,20200828,000000,11535.0000000
GDAX.BTC-USD,D,20200829,000000,11474.3100000
GDAX.BTC-USD,D,20200830,000000,11716.0100000
GDAX.BTC-USD,D,20200831,000000,11655.0000000
GDAX.BTC-USD,D,20200901,000000,11924.2200000
GDAX.BTC-USD,D,20200902,000000,11395.4800000
GDAX.BTC-USD,D,20200903,000000,10172.5200000
GDAX.BTC-USD,D,20200904,000000,10500.0500000
GDAX.BTC-USD,D,20200905,000000,10168.3600000
GDAX.BTC-USD,D,20200906,000000,10257.8600000
GDAX.BTC-USD,D,20200907,000000,10375.0000000
GDAX.BTC-USD,D,20200908,000000,10125.6900000
GDAX.BTC-USD,D,20200909,000000,10224.5600000
GDAX.BTC-USD,D,20200910,000000,10343.2300000
GDAX.BTC-USD,D,20200911,000000,10394.4100000
GDAX.BTC-USD,D,20200912,000000,10446.5200000
GDAX.BTC-USD,D,20200913,000000,10336.7600000
GDAX.BTC-USD,D,20200914,000000,10679.9500000
GDAX.BTC-USD,D,20200915,000000,10783.7500000
GDAX.BTC-USD,D,20200916,000000,10959.6100000
GDAX.BTC-USD,D,20200917,000000,10943.6100000
GDAX.BTC-USD,D,20200918,000000,10937.5200000
GDAX.BTC-USD,D,20200919,000000,11080.0000000
GDAX.BTC-USD,D,20200920,000000,10920.8900000
GDAX.BTC-USD,D,20200921,000000,10416.8200000
GDAX.BTC-USD,D,20200922,000000,10531.1300000
GDAX.BTC-USD,D,20200923,000000,10235.1000000
GDAX.BTC-USD,D,20200924,000000,10740.0100000
GDAX.BTC-USD,D,20200925,000000,10690.5300000
GDAX.BTC-USD,D,20200926,000000,10730.0000000
GDAX.BTC-USD,D,20200927,000000,10778.2000000
GDAX.BTC-USD,D,20200928,000000,10695.5500000
GDAX.BTC-USD,D,20200929,000000,10840.7300000
GDAX.BTC-USD,D,20200930,000000,10779.6300000
GDAX.BTC-USD,D,20201001,000000,10617.6300000
GDAX.BTC-USD,D,20201002,000000,10573.1200000
GDAX.BTC-USD,D,20201003,000000,10551.6500000
GDAX.BTC-USD,D,20201004,000000,10671.1100000
GDAX.BTC-USD,D,20201005,000000,10795.0000000
GDAX.BTC-USD,D,20201006,000000,10602.6600000
GDAX.BTC-USD,D,20201007,000000,10670.4700000
GDAX.BTC-USD,D,20201008,000000,10933.0900000
GDAX.BTC-USD,D,20201009,000000,11057.0700000
GDAX.BTC-USD,D,20201010,000000,11299.5000000
GDAX.BTC-USD,D,20201011,000000,11374.0100000
GDAX.BTC-USD,D,20201012,000000,11535.4600000
GDAX.BTC-USD,D,20201013,000000,11428.2200000
GDAX.BTC-USD,D,20201014,000000,11427.7000000
GDAX.BTC-USD,D,20201015,000000,11509.3400000
GDAX.BTC-USD,D,20201016,000000,11328.9500000
GDAX.BTC-USD,D,20201017,000000,11367.8900000
GDAX.BTC-USD,D,20201018,000000,11514.2000000
GDAX.BTC-USD,D,20201019,000000,11760.4500000
GDAX.BTC-USD,D,20201020,000000,11923.8300000
GDAX.BTC-USD,D,20201021,000000,12808.0000000
GDAX.BTC-USD,D,20201022,000000,12987.0200000
GDAX.BTC-USD,D,20201023,000000,12937.0900000
GDAX.BTC-USD,D,20201024,000000,13126.2400000
GDAX.BTC-USD,D,20201025,000000,13045.0000000
GDAX.BTC-USD,D,20201026,000000,13068.7900000
GDAX.BTC-USD,D,20201027,000000,13698.1800000
GDAX.BTC-USD,D,20201028,000000,13281.0500000
GDAX.BTC-USD,D,20201029,000000,13460.0000000
GDAX.BTC-USD,D,20201030,000000,13571.5100000
GDAX.BTC-USD,D,20201031,000000,13804.8100000
GDAX.BTC-USD,D,20201101,000000,13771.5900000
GDAX.BTC-USD,D,20201102,000000,13563.2200000
GDAX.BTC-USD,D,20201103,000000,14035.8000000
GDAX.BTC-USD,D,20201104,000000,14161.4800000
GDAX.BTC-USD,D,20201105,000000,15608.2100000
GDAX.BTC-USD,D,20201106,000000,15599.9500000
GDAX.BTC-USD,D,20201107,000000,14834.0900000
GDAX.BTC-USD,D,20201108,000000,15482.9000000
GDAX.BTC-USD,D,20201109,000000,15342.2500000
GDAX.BTC-USD,D,20201110,000000,15315.0300000
GDAX.BTC-USD,D,20201111,000000,15705.7900000
GDAX.BTC-USD,D,20201112,000000,16310.8100000
GDAX.BTC-USD,D,20201113,000000,16339.5600000
GDAX.BTC-USD,D,20201114,000000,16082.0100000
GDAX.BTC-USD,D,20201115,000000,15966.8900000
GDAX.BTC-USD,D,20201116,000000,16726.6400000
GDAX.BTC-USD,D,20201117,000000,17679.3600000
GDAX.BTC-USD,D,20201118,000000,17782.9100000
GDAX.BTC-USD,D,20201119,000000,17821.5800000
GDAX.BTC-USD,D,20201120,000000,18675.2500000
GDAX.BTC-USD,D,20201121,000000,18721.2100000
GDAX.BTC-USD,D,20201122,000000,18437.6600000
GDAX.BTC-USD,D,20201123,000000,18384.8200000
GDAX.BTC-USD,D,20201124,000000,19172.8400000
GDAX.BTC-USD,D,20201125,000000,18721.9300000
GDAX.BTC-USD,D,20201126,000000,17170.0000000
GDAX.BTC-USD,D,20201127,000000,17153.9500000
GDAX.BTC-USD,D,20201128,000000,17739.8500000
GDAX.BTC-USD,D,20201129,000000,18202.0400000
GDAX.BTC-USD,D,20201130,000000,19713.9400000
GDAX.BTC-USD,D,20201201,000000,18782.9700000
GDAX.BTC-USD,D,20201202,000000,19225.6300000
GDAX.BTC-USD,D,20201203,000000,19448.6400000
GDAX.BTC-USD,D,20201204,000000,18658.1000000
GDAX.BTC-USD,D,20201205,000000,19158.9600000
GDAX.BTC-USD,D,20201206,000000,19375.6000000
GDAX.BTC-USD,D,20201207,000000,19177.7100000
GDAX.BTC-USD,D,20201208,000000,18316.2200000
GDAX.BTC-USD,D,20201209,000000,18546.5500000
GDAX.BTC-USD,D,20201210,000000,18253.4400000
GDAX.BTC-USD,D,20201211,000000,18042.1500000
GDAX.BTC-USD,D,20201212,000000,18821.2800000
GDAX.BTC-USD,D,20201213,000000,19166.6500000
GDAX.BTC-USD,D,20201214,000000,19272.3700000
GDAX.BTC-USD,D,20201215,000000,19444.6000000
GDAX.BTC-USD,D,20201216,000000,21359.6500000
GDAX.BTC-USD,D,20201217,000000,22826.4800000
GDAX.BTC-USD,D,20201218,000000,23137.7600000
GDAX.BTC-USD,D,20201219,000000,23849.9900000
GDAX.BTC-USD,D,20201220,000000,23476.5100000
GDAX.BTC-USD,D,20201221,000000,22729.4000000
GDAX.BTC-USD,D,20201222,000000,23823.2700000
GDAX.BTC-USD,D,20201223,000000,23228.3500000
GDAX.BTC-USD,D,20201224,000000,23717.9600000
GDAX.BTC-USD,D,20201225,000000,24704.7100000
GDAX.BTC-USD,D,20201226,000000,26475.3500000
GDAX.BTC-USD,D,20201227,000000,26258.6500000
GDAX.BTC-USD,D,20201228,000000,27040.3600000
GDAX.BTC-USD,D,20201229,000000,27366.3500000
GDAX.BTC-USD,D,20201230,000000,28897.4200000
GDAX.BTC-USD,D,20201231,000000,28990.0800000
GDAX.BTC-USD,D,20210101,000000,29412.8400000
GDAX.BTC-USD,D,20210102,000000,32225.9100000
GDAX.BTC-USD,D,20210103,000000,33080.6600000
GDAX.BTC-USD,D,20210104,000000,32019.9900000
GDAX.BTC-USD,D,20210105,000000,34030.6400000
GDAX.BTC-USD,D,20210106,000000,36859.2600000
GDAX.BTC-USD,D,20210107,000000,39505.5600000
GDAX.BTC-USD,D,20210108,000000,40665.1500000
GDAX.BTC-USD,D,20210109,000000,40257.4300000
GDAX.BTC-USD,D,20210110,000000,38171.5700000
GDAX.BTC-USD,D,20210111,000000,35452.5900000
GDAX.BTC-USD,D,20210112,000000,34038.9800000
GDAX.BTC-USD,D,20210113,000000,37393.6600000
GDAX.BTC-USD,D,20210114,000000,39125.1400000
GDAX.BTC-USD,D,20210115,000000,36754.6700000
GDAX.BTC-USD,D,20210116,000000,36006.9400000
GDAX.BTC-USD,D,20210117,000000,35820.0000000
GDAX.BTC-USD,D,20210118,000000,36624.2300000
GDAX.BTC-USD,D,20210119,000000,35917.2800000
GDAX.BTC-USD,D,20210120,000000,35503.0900000
GDAX.BTC-USD,D,20210121,000000,30855.9500000
GDAX.BTC-USD,D,20210122,000000,32984.9300000
GDAX.BTC-USD,D,20210123,000000,32112.0100000
GDAX.BTC-USD,D,20210124,000000,32288.5600000
GDAX.BTC-USD,D,20210125,000000,32261.8700000
GDAX.BTC-USD,D,20210126,000000,32510.8200000
GDAX.BTC-USD,D,20210127,000000,30407.1300000
GDAX.BTC-USD,D,20210128,000000,33488.9900000
GDAX.BTC-USD,D,20210129,000000,34262.1100000
GDAX.BTC-USD,D,20210130,000000,34315.6300000
GDAX.BTC-USD,D,20210131,000000,33137.7400000
GDAX.BTC-USD,D,20210201,000000,33533.1900000
GDAX.BTC-USD,D,20210202,000000,35512.6700000
GDAX.BTC-USD,D,20210203,000000,37678.3700000
GDAX.BTC-USD,D,20210204,000000,36975.0000000
GDAX.BTC-USD,D,20210205,000000,38311.4900000
GDAX.BTC-USD,D,20210206,000000,39265.4300000
GDAX.BTC-USD,D,20210207,000000,38871.4200000
GDAX.BTC-USD,D,20210208,000000,46448.1000000
GDAX.BTC-USD,D,20210209,000000,46514.7300000
GDAX.BTC-USD,D,20210210,000000,44850.0000000
GDAX.BTC-USD,D,20210211,000000,47997.9100000
GDAX.BTC-USD,D,20210212,000000,47408.3400000
GDAX.BTC-USD,D,20210213,000000,47232.4500000
GDAX.BTC-USD,D,20210214,000000,48680.6900000
GDAX.BTC-USD,D,20210215,000000,47936.3700000
GDAX.BTC-USD,D,20210216,000000,49158.7100000
GDAX.BTC-USD,D,20210217,000000,52170.0100000
GDAX.BTC-USD,D,20210218,000000,51601.7300000
GDAX.BTC-USD,D,20210219,000000,55983.5600000
GDAX.BTC-USD,D,20210220,000000,55923.5200000
GDAX.BTC-USD,D,20210221,000000,57489.1600000
GDAX.BTC-USD,D,20210222,000000,54142.1300000
GDAX.BTC-USD,D,20210223,000000,48899.9900000
GDAX.BTC-USD,D,20210224,000000,49737.8200000
GDAX.BTC-USD,D,20210225,000000,47058.4800000
GDAX.BTC-USD,D,20210226,000000,46326.2000000
GDAX.BTC-USD,D,20210227,000000,46180.7500000
GDAX.BTC-USD,D,20210228,000000,45231.7500000
GDAX.BTC-USD,D,20210301,000000,49639.4000000
GDAX.BTC-USD,D,20210302,000000,48511.6000000
GDAX.BTC-USD,D,20210303,000000,50360.0000000
GDAX.BTC-USD,D,20210304,000000,48368.5200000
GDAX.BTC-USD,D,20210305,000000,48769.4700000
GDAX.BTC-USD,D,20210306,000000,48909.8400000
GDAX.BTC-USD,D,20210307,000000,50978.6100000
GDAX.BTC-USD,D,20210308,000000,52415.2300000
GDAX.BTC-USD,D,20210309,000000,54916.3800000
GDAX.BTC-USD,D,20210310,000000,55890.6900000
GDAX.BTC-USD,D,20210311,000000,57815.4700000
GDAX.BTC-USD,D,20210312,000000,57225.9100000
GDAX.BTC-USD,D,20210313,000000,61178.5000000
GDAX.BTC-USD,D,20210314,000000,58972.7000000
GDAX.BTC-USD,D,20210315,000000,55636.1500000
GDAX.BTC-USD,D,20210316,000000,56927.1100000
GDAX.BTC-USD,D,20210317,000000,58925.5400000
GDAX.BTC-USD,D,20210318,000000,57644.9500000
GDAX.BTC-USD,D,20210319,000000,58039.6600000
GDAX.BTC-USD,D,20210320,000000,58116.7000000
GDAX.BTC-USD,D,20210321,000000,57363.3200000
GDAX.BTC-USD,D,20210322,000000,54110.0700000
GDAX.BTC-USD,D,20210323,000000,54345.5400000
GDAX.BTC-USD,D,20210324,000000,52276.1600000
GDAX.BTC-USD,D,20210325,000000,51325.0100000
GDAX.BTC-USD,D,20210326,000000,55072.4400000
GDAX.BTC-USD,D,20210327,000000,55856.5300000
GDAX.BTC-USD,D,20210328,000000,55778.8200000
GDAX.BTC-USD,D,20210329,000000,57613.4800000
GDAX.BTC-USD,D,20210330,000000,58786.4600000
GDAX.BTC-USD,D,20210331,000000,58800.0000000
GDAX.BTC-USD,D,20210401,000000,58726.4800000
GDAX.BTC-USD,D,20210402,000000,58981.0400000
GDAX.BTC-USD,D,20210403,000000,57094.3400000
GDAX.BTC-USD,D,20210404,000000,58215.9400000
GDAX.BTC-USD,D,20210405,000000,59123.0200000
GDAX.BTC-USD,D,20210406,000000,58019.9800000
GDAX.BTC-USD,D,20210407,000000,55955.7500000
GDAX.BTC-USD,D,20210408,000000,58083.1000000
GDAX.BTC-USD,D,20210409,000000,58092.6800000
GDAX.BTC-USD,D,20210410,000000,59778.6000000
GDAX.BTC-USD,D,20210411,000000,59985.2600000
GDAX.BTC-USD,D,20210412,000000,59839.8200000
GDAX.BTC-USD,D,20210413,000000,63588.2200000
GDAX.BTC-USD,D,20210414,000000,62971.8000000
GDAX.BTC-USD,D,20210415,000000,63229.0400000
GDAX.BTC-USD,D,20210416,000000,61427.2700000
GDAX.BTC-USD,D,20210417,000000,60058.8600000
GDAX.BTC-USD,D,20210418,000000,56274.4100000
GDAX.BTC-USD,D,20210419,000000,55696.8300000
GDAX.BTC-USD,D,20210420,000000,56499.2900000
GDAX.BTC-USD,D,20210421,000000,53800.8600000
GDAX.BTC-USD,D,20210422,000000,51701.5900000
GDAX.BTC-USD,D,20210423,000000,51187.2700000
GDAX.BTC-USD,D,20210424,000000,50089.1500000
GDAX.BTC-USD,D,20210425,000000,49121.0000000
GDAX.BTC-USD,D,20210426,000000,54053.6000000
GDAX.BTC-USD,D,20210427,000000,55069.6200000
GDAX.BTC-USD,D,20210428,000000,54894.0300000
GDAX.BTC-USD,D,20210429,000000,53580.0000000
GDAX.BTC-USD,D,20210430,000000,57798.7700000
GDAX.BTC-USD,D,20210501,000000,57859.2800000
GDAX.BTC-USD,D,20210502,000000,56625.2000000
GDAX.BTC-USD,D,20210503,000000,57212.7300000
GDAX.BTC-USD,D,20210504,000000,53241.9200000
GDAX.BTC-USD,D,20210505,000000,57515.6900000
GDAX.BTC-USD,D,20210506,000000,56440.6600000
GDAX.BTC-USD,D,20210507,000000,57380.3900000
GDAX.BTC-USD,D,20210508,000000,58958.0500000
GDAX.BTC-USD,D,20210509,000000,58312.5700000
GDAX.BTC-USD,D,20210510,000000,55866.4100000
GDAX.BTC-USD,D,20210511,000000,56753.1900000
GDAX.BTC-USD,D,20210512,000000,49498.7700000
GDAX.BTC-USD,D,20210513,000000,49690.1100000
GDAX.BTC-USD,D,20210514,000000,49893.4800000
GDAX.BTC-USD,D,20210515,000000,46775.5100000
GDAX.BTC-USD,D,20210516,000000,46450.7900000
GDAX.BTC-USD,D,20210517,000000,43580.5000000
GDAX.BTC-USD,D,20210518,000000,42857.1500000
GDAX.BTC-USD,D,20210519,000000,36731.7500000
GDAX.BTC-USD,D,20210520,000000,40623.3300000
GDAX.BTC-USD,D,20210521,000000,37340.7700000
GDAX.BTC-USD,D,20210522,000000,37476.8300000
GDAX.BTC-USD,D,20210523,000000,34758.6700000
GDAX.BTC-USD,D,20210524,000000,38878.5600000
GDAX.BTC-USD,D,20210525,000000,38361.8100000
GDAX.BTC-USD,D,20210526,000000,39293.2300000
GDAX.BTC-USD,D,20210527,000000,38556.8800000
GDAX.BTC-USD,D,20210528,000000,35680.4700000
GDAX.BTC-USD,D,20210529,000000,34627.8200000
GDAX.BTC-USD,D,20210530,000000,35669.4400000
GDAX.BTC-USD,D,20210531,000000,37279.3100000
GDAX.BTC-USD,D,20210601,000000,36685.0000000
GDAX.BTC-USD,D,20210602,000000,37577.9100000
GDAX.BTC-USD,D,20210603,000000,39248.5500000
GDAX.BTC-USD,D,20210604,000000,36856.5200000
GDAX.BTC-USD,D,20210605,000000,35539.4900000
GDAX.BTC-USD,D,20210606,000000,35800.4800000
GDAX.BTC-USD,D,20210607,000000,33575.9100000
GDAX.BTC-USD,D,20210608,000000,33402.1300000
GDAX.BTC-USD,D,20210609,000000,37403.8600000
GDAX.BTC-USD,D,20210610,000000,36694.0500000
GDAX.BTC-USD,D,20210611,000000,37338.4400000
GDAX.BTC-USD,D,20210612,000000,35557.3300000
GDAX.BTC-USD,D,20210613,000000,39015.2400000
GDAX.BTC-USD,D,20210614,000000,40539.4700000
GDAX.BTC-USD,D,20210615,000000,40162.3700000
GDAX.BTC-USD,D,20210616,000000,38351.0000000
GDAX.BTC-USD,D,20210617,000000,38095.1700000
GDAX.BTC-USD,D,20210618,000000,35841.8100000
GDAX.BTC-USD,D,20210619,000000,35484.7900000
GDAX.BTC-USD,D,20210620,000000,35585.7800000
GDAX.BTC-USD,D,20210621,000000,31609.8200000
GDAX.BTC-USD,D,20210622,000000,32538.3700000
GDAX.BTC-USD,D,20210623,000000,33688.3500000
GDAX.BTC-USD,D,20210624,000000,34654.5800000
GDAX.BTC-USD,D,20210625,000000,31594.6300000
GDAX.BTC-USD,D,20210626,000000,32275.1900000
GDAX.BTC-USD,D,20210627,000000,34709.2300000
GDAX.BTC-USD,D,20210628,000000,34493.2200000
GDAX.BTC-USD,D,20210629,000000,35904.2800000
GDAX.BTC-USD,D,20210630,000000,35060.0000000
GDAX.BTC-USD,D,20210701,000000,33516.1100000
GDAX.BTC-USD,D,20210702,000000,33805.0200000
GDAX.BTC-USD,D,20210703,000000,34682.1600000
GDAX.BTC-USD,D,20210704,000000,35284.0500000
GDAX.BTC-USD,D,20210705,000000,33697.7800000
GDAX.BTC-USD,D,20210706,000000,34225.7300000
GDAX.BTC-USD,D,20210707,000000,33878.5600000
GDAX.BTC-USD,D,20210708,000000,32875.9500000
GDAX.BTC-USD,D,20210709,000000,33824.2600000
GDAX.BTC-USD,D,20210710,000000,33515.3500000
GDAX.BTC-USD,D,20210711,000000,34259.2300000
GDAX.BTC-USD,D,20210712,000000,33091.1000000
GDAX.BTC-USD,D,20210713,000000,32734.1400000
GDAX.BTC-USD,D,20210714,000000,32816.3900000
GDAX.BTC-USD,D,20210715,000000,31868.6800000
GDAX.BTC-USD,D,20210716,000000,31388.0600000
GDAX.BTC-USD,D,20210717,000000,31533.9100000
GDAX.BTC-USD,D,20210718,000000,31788.2500000
GDAX.BTC-USD,D,20210719,000000,30842.0300000
GDAX.BTC-USD,D,20210720,000000,29796.1600000
GDAX.BTC-USD,D,20210721,000000,32135.1900000
GDAX.BTC-USD,D,20210722,000000,32287.7400000
GDAX.BTC-USD,D,20210723,000000,33647.2600000
GDAX.BTC-USD,D,20210724,000000,34283.0100000
GDAX.BTC-USD,D,20210725,000000,35428.2600000
GDAX.BTC-USD,D,20210726,000000,37262.7700000
GDAX.BTC-USD,D,20210727,000000,39470.4800000
GDAX.BTC-USD,D,20210728,000000,40035.1000000
GDAX.BTC-USD,D,20210729,000000,40039.4400000
GDAX.BTC-USD,D,20210730,000000,42237.9500000
GDAX.BTC-USD,D,20210731,000000,41495.0100000
GDAX.BTC-USD,D,20210801,000000,39865.4100000
GDAX.BTC-USD,D,20210802,000000,39149.5900000
GDAX.BTC-USD,D,20210803,000000,38191.4400000
GDAX.BTC-USD,D,20210804,000000,39722.4100000
GDAX.BTC-USD,D,20210805,000000,40888.7400000
GDAX.BTC-USD,D,20210806,000000,42869.5800000
GDAX.BTC-USD,D,20210807,000000,44637.3400000
GDAX.BTC-USD,D,20210808,000000,43829.1400000
GDAX.BTC-USD,D,20210809,000000,46285.4800000
GDAX.BTC-USD,D,20210810,000000,45595.6600000
GDAX.BTC-USD,D,20210811,000000,45553.4900000
GDAX.BTC-USD,D,20210812,000000,44422.1400000
GDAX.BTC-USD,D,20210813,000000,47833.6400000
GDAX.BTC-USD,D,20210814,000000,47109.6500000
GDAX.BTC-USD,D,20210815,000000,47014.4900000
GDAX.BTC-USD,D,20210816,000000,45902.4600000
GDAX.BTC-USD,D,20210817,000000,44671.5800000
GDAX.BTC-USD,D,20210818,000000,44707.9800000
GDAX.BTC-USD,D,20210819,000000,46765.8700000
GDAX.BTC-USD,D,20210820,000000,49342.4000000
GDAX.BTC-USD,D,20210821,000000,48867.0200000
GDAX.BTC-USD,D,20210822,000000,49284.6300000
GDAX.BTC-USD,D,20210823,000000,49506.5000000
GDAX.BTC-USD,D,20210824,000000,47682.4500000
GDAX.BTC-USD,D,20210825,000000,48987.3300000
GDAX.BTC-USD,D,20210826,000000,46851.4700000
GDAX.BTC-USD,D,20210827,000000,49077.5700000
GDAX.BTC-USD,D,20210828,000000,48942.9400000
GDAX.BTC-USD,D,20210829,000000,48802.5800000
GDAX.BTC-USD,D,20210830,000000,46993.7100000
GDAX.BTC-USD,D,20210831,000000,47112.5000000
GDAX.BTC-USD,D,20210901,000000,48839.8600000
GDAX.BTC-USD,D,20210902,000000,49279.3700000
GDAX.BTC-USD,D,20210903,000000,50025.0000000
GDAX.BTC-USD,D,20210904,000000,49942.9800000
GDAX.BTC-USD,D,20210905,000000,51789.1700000
GDAX.BTC-USD,D,20210906,000000,52698.8100000
GDAX.BTC-USD,D,20210907,000000,46894.5000000
GDAX.BTC-USD,D,20210908,000000,46060.3600000
GDAX.BTC-USD,D,20210909,000000,46400.0000000
GDAX.BTC-USD,D,20210910,000000,44851.4500000
GDAX.BTC-USD,D,20210911,000000,45171.8300000
GDAX.BTC-USD,D,20210912,000000,46024.2300000
GDAX.BTC-USD,D,20210913,000000,44947.7200000
GDAX.BTC-USD,D,20210914,000000,47127.2200000
GDAX.BTC-USD,D,20210915,000000,48148.1200000
GDAX.BTC-USD,D,20210916,000000,47753.1600000
GDAX.BTC-USD,D,20210917,000000,47303.5000000
GDAX.BTC-USD,D,20210918,000000,48314.5600000
GDAX.BTC-USD,D,20210919,000000,47255.9200000
GDAX.BTC-USD,D,20210920,000000,43012.9700000
GDAX.BTC-USD,D,20210921,000000,40719.6000000
GDAX.BTC-USD,D,20210922,000000,43575.1000000
GDAX.BTC-USD,D,20210923,000000,44897.5900000
GDAX.BTC-USD,D,20210924,000000,42848.9200000
GDAX.BTC-USD,D,20210925,000000,42705.5100000
GDAX.BTC-USD,D,20210926,000000,43178.0200000
GDAX.BTC-USD,D,20210927,000000,42171.7600000
GDAX.BTC-USD,D,20210928,000000,41026.0700000
GDAX.BTC-USD,D,20210929,000000,41522.1600000
GDAX.BTC-USD,D,20210930,000000,43824.4300000
GDAX.BTC-USD,D,20211001,000000,48165.7600000
GDAX.BTC-USD,D,20211002,000000,47657.6900000
GDAX.BTC-USD,D,20211003,000000,48233.9900000
GDAX.BTC-USD,D,20211004,000000,49245.5400000
GDAX.BTC-USD,D,20211005,000000,51493.9900000
GDAX.BTC-USD,D,20211006,000000,55339.4800000
GDAX.BTC-USD,D,20211007,000000,53797.8200000
GDAX.BTC-USD,D,20211008,000000,53963.8200000
GDAX.BTC-USD,D,20211009,000000,54962.2900000
GDAX.BTC-USD,D,20211010,000000,54690.5300000
GDAX.BTC-USD,D,20211011,000000,57487.4400000
GDAX.BTC-USD,D,20211012,000000,56005.1000000
GDAX.BTC-USD,D,20211013,000000,57367.3200000
GDAX.BTC-USD,D,20211014,000000,57359.5100000
GDAX.BTC-USD,D,20211015,000000,61695.3900000
GDAX.BTC-USD,D,20211016,000000,60877.4200000
GDAX.BTC-USD,D,20211017,000000,61527.1100000
GDAX.BTC-USD,D,20211018,000000,62042.4100000
GDAX.BTC-USD,D,20211019,000000,64303.1400000
GDAX.BTC-USD,D,20211020,000000,66026.5400000
GDAX.BTC-USD,D,20211021,000000,62204.0200000
GDAX.BTC-USD,D,20211022,000000,60687.6400000
GDAX.BTC-USD,D,20211023,000000,61300.0100000
GDAX.BTC-USD,D,20211024,000000,60854.4800000
GDAX.BTC-USD,D,20211025,000000,63083.5400000
GDAX.BTC-USD,D,20211026,000000,60337.6200000
GDAX.BTC-USD,D,20211027,000000,58455.4700000
GDAX.BTC-USD,D,20211028,000000,60591.6500000
GDAX.BTC-USD,D,20211029,000000,62276.7200000
GDAX.BTC-USD,D,20211030,000000,61892.4100000
GDAX.BTC-USD,D,20211031,000000,61343.6800000
GDAX.BTC-USD,D,20211101,000000,60949.5400000
GDAX.BTC-USD,D,20211102,000000,63266.5100000
GDAX.BTC-USD,D,20211103,000000,62935.4100000
GDAX.BTC-USD,D,20211104,000000,61444.5000000
GDAX.BTC-USD,D,20211105,000000,61006.1500000
GDAX.BTC-USD,D,20211106,000000,61539.3100000
GDAX.BTC-USD,D,20211107,000000,63309.1300000
GDAX.BTC-USD,D,20211108,000000,67554.8400000
GDAX.BTC-USD,D,20211109,000000,66944.6600000
GDAX.BTC-USD,D,20211110,000000,64912.2000000
GDAX.BTC-USD,D,20211111,000000,64807.5900000
GDAX.BTC-USD,D,20211112,000000,64147.9000000
GDAX.BTC-USD,D,20211113,000000,64400.0100000
GDAX.BTC-USD,D,20211114,000000,65505.0200000
GDAX.BTC-USD,D,20211115,000000,63624.5900000
GDAX.BTC-USD,D,20211116,000000,60107.9800000
GDAX.BTC-USD,D,20211117,000000,60351.5100000
GDAX.BTC-USD,D,20211118,000000,56898.0000000
GDAX.BTC-USD,D,20211119,000000,58122.1600000
GDAX.BTC-USD,D,20211120,000000,59760.7600000
GDAX.BTC-USD,D,20211121,000000,58671.2100000
GDAX.BTC-USD,D,20211122,000000,56280.8100000
GDAX.BTC-USD,D,20211123,000000,57566.8500000
GDAX.BTC-USD,D,20211124,000000,57162.6600000
GDAX.BTC-USD,D,20211125,000000,58987.2700000
GDAX.BTC-USD,D,20211126,000000,53757.6700000
GDAX.BTC-USD,D,20211127,000000,54759.0500000
GDAX.BTC-USD,D,20211128,000000,57317.1700000
GDAX.BTC-USD,D,20211129,000000,57838.0600000
GDAX.BTC-USD,D,20211130,000000,56987.9700000
GDAX.BTC-USD,D,20211201,000000,57226.5000000
GDAX.BTC-USD,D,20211202,000000,56521.4600000
GDAX.BTC-USD,D,20211203,000000,53638.0400000
GDAX.BTC-USD,D,20211204,000000,49241.1200000
GDAX.BTC-USD,D,20211205,000000,49484.2200000
GDAX.BTC-USD,D,20211206,000000,50529.5600000
GDAX.BTC-USD,D,20211207,000000,50625.4800000
GDAX.BTC-USD,D,20211208,000000,50519.6800000
GDAX.BTC-USD,D,20211209,000000,47568.4300000
GDAX.BTC-USD,D,20211210,000000,47170.9400000
GDAX.BTC-USD,D,20211211,000000,49407.7500000
GDAX.BTC-USD,D,20211212,000000,50089.6400000
GDAX.BTC-USD,D,20211213,000000,46727.8900000
GDAX.BTC-USD,D,20211214,000000,48367.4300000
GDAX.BTC-USD,D,20211215,000000,48884.7800000
GDAX.BTC-USD,D,20211216,000000,47634.2200000
GDAX.BTC-USD,D,20211217,000000,46166.5000000
GDAX.BTC-USD,D,20211218,000000,46859.4600000
GDAX.BTC-USD,D,20211219,000000,46687.1900000
GDAX.BTC-USD,D,20211220,000000,46926.0700000
GDAX.BTC-USD,D,20211221,000000,48914.7000000
GDAX.BTC-USD,D,20211222,000000,48608.6200000
GDAX.BTC-USD,D,20211223,000000,50842.2000000
GDAX.BTC-USD,D,20211224,000000,50851.3800000
GDAX.BTC-USD,D,20211225,000000,50428.3100000
GDAX.BTC-USD,D,20211226,000000,50801.7900000
GDAX.BTC-USD,D,20211227,000000,50717.7700000
GDAX.BTC-USD,D,20211228,000000,47543.0900000
GDAX.BTC-USD,D,20211229,000000,46471.2400000
GDAX.BTC-USD,D,20211230,000000,47122.0800000
GDAX.BTC-USD,D,20211231,000000,46211.2400000
GDAX.BTC-USD,D,20220101,000000,47733.4300000
GDAX.BTC-USD,D,20220102,000000,47299.0700000
GDAX.BTC-USD,D,20220103,000000,46459.5600000
GDAX.BTC-USD,D,20220104,000000,45814.6100000
GDAX.BTC-USD,D,20220105,000000,43436.0400000
GDAX.BTC-USD,D,20220106,000000,43083.7600000
GDAX.BTC-USD,D,20220107,000000,41565.1800000
GDAX.BTC-USD,D,20220108,000000,41684.8400000
GDAX.BTC-USD,D,20220109,000000,41876.5200000
GDAX.BTC-USD,D,20220110,000000,41824.0700000
GDAX.BTC-USD,D,20220111,000000,42753.4400000
GDAX.BTC-USD,D,20220112,000000,43920.3700000
GDAX.BTC-USD,D,20220113,000000,42581.6500000
GDAX.BTC-USD,D,20220114,000000,43090.7200000
GDAX.BTC-USD,D,20220115,000000,43098.2000000
GDAX.BTC-USD,D,20220116,000000,43104.3400000
GDAX.BTC-USD,D,20220117,000000,42218.0100000
GDAX.BTC-USD,D,20220118,000000,42369.7400000
GDAX.BTC-USD,D,20220119,000000,41674.2700000
GDAX.BTC-USD,D,20220120,000000,40670.9700000
GDAX.BTC-USD,D,20220121,000000,36456.9400000
GDAX.BTC-USD,D,20220122,000000,35066.4300000
GDAX.BTC-USD,D,20220123,000000,36282.4700000
GDAX.BTC-USD,D,20220124,000000,36693.3200000
GDAX.BTC-USD,D,20220125,000000,36980.0000000
GDAX.BTC-USD,D,20220126,000000,36840.6300000
GDAX.BTC-USD,D,20220127,000000,37188.3700000
GDAX.BTC-USD,D,20220128,000000,37741.9000000
GDAX.BTC-USD,D,20220129,000000,38191.1000000
GDAX.BTC-USD,D,20220130,000000,37901.3500000
GDAX.BTC-USD,D,20220131,000000,38491.9300000
GDAX.BTC-USD,D,20220201,000000,38716.8800000
GDAX.BTC-USD,D,20220202,000000,36923.3900000
GDAX.BTC-USD,D,20220203,000000,37329.9100000
GDAX.BTC-USD,D,20220204,000000,41614.6400000
GDAX.BTC-USD,D,20220205,000000,41404.8500000
GDAX.BTC-USD,D,20220206,000000,42415.1600000
GDAX.BTC-USD,D,20220207,000000,43868.0700000
GDAX.BTC-USD,D,20220208,000000,44085.5900000
GDAX.BTC-USD,D,20220209,000000,44416.3500000
GDAX.BTC-USD,D,20220210,000000,43527.7100000
GDAX.BTC-USD,D,20220211,000000,42386.4700000
GDAX.BTC-USD,D,20220212,000000,42244.9700000
GDAX.BTC-USD,D,20220213,000000,42074.9900000
GDAX.BTC-USD,D,20220214,000000,42548.7100000
GDAX.BTC-USD,D,20220215,000000,44583.5200000
GDAX.BTC-USD,D,20220216,000000,43895.5600000
GDAX.BTC-USD,D,20220217,000000,42398.4500000
